﻿species;subclade;R_NR;a_b
R_agasthyaensis_CESF492;Travancoricus;NR;NR
R_akroparallagi_CESF061;Glandulosus;NR;NR
R_anili_CESF386_CESF1717;Anili;NR;NR
R_archeos_CESF1190;Chotta;NR;NR
R_aureus_CESF1166_CESF1164;Aureus;NR;NR
R_beddomii_CESF072;Beddomii;NR;NR
R_blandus_CESF104;Chotta;NR;NR
R_bobingeri_CESF1238;Glandulosus;NR;NR
R_bombayensis_CESF1010;Bombayensis;NR;NR
R_chalazodes_CESF1198;Ochlandrae;R;A
R_charius_CESF132;Charius;NR;NR
R_chlorosomma;Travancoricus;NR;NR
R_chotta_CESF1003_CESF501;Chotta;NR;NR
R_chromasynchysi_CESF1127;Chromasynchysi;NR;NR
R_coonoorensis_CESF439;Coonoorensis;NR;NR
R_crustai_CESF1199;Crustai;NR;NR
R_dubois_CESF114;Beddomii;NR;NR
R_echinatus_CESF1414_CESF1412;Echinatus;NR;NR
R_flaviocularis_CESF1251;Ochlandrae;R;A
R_flaviventris_CESF1353_CESF1365;Hassanensis;NR;NR
R_ghatei_CESF1262;Bombayensis;NR;NR
R_glandulosus_CESF1080_CESF380;Glandulosus;NR;NR
R_graminirupes_CESF044_CESF066;Graminirupes;NR;NR
R_griet_CESF073;Charius;NR;NR
R_hassanensis_CESF1178;Hassanensis;NR;NR
R_indigo_CESF123;Indigo;NR;NR
R_johnceei_CESF1236_CESF064;Graminirupes;NR;NR
R_kadalarensis_CESF1766;Travancoricus;NR;NR
R_Kaikatti_CESF444;Anili;NR;NR
R_kakachi_CESF1375;Anili;NR;NR
R_luteolus_CESF1012;Travancoricus;NR;NR
R_manohari_CESF1187;Ochlandrae;R;B
R_marki_CESF467;Marki;NR;NR
R_montanus_CESF129_CESF130;Tinniens;NR;NR
R_nerostagona_CESF1061_CESF1183;Nerostagona;NR;NR
R_ochlandrae_CESF1111;Ochlandrae;R;A
R_ponmudi_CESF063;Hassanensis;NR;NR
R_primarrumpfi_CESF441;Tinniens;NR;NR
R_resplendens_CESF1258;Beddomii;NR;NR
R_signatus_CESF425;Signatus;NR;NR
R_sushili_CESF1259;Anili;NR;NR
R_travancoricus_CESF473;Travancoricus;NR;NR
R_tuberohumerus_CESF148;Bombayensis;NR;NR
R_UI_aff_munnarensis_CESF285;Beddomii;NR;NR
R_UI_aff_nerostagona_CESF1268;Nerostagona;NR;NR
R_UI_aff_signatus_CESF1075_1076;Signatus;NR;NR
R_UI_CESF014;Graminirupes;NR;NR
R_UI_CESF1154;Chromasynchysi;NR;NR
R_UI_CESF1160;Coonoorensis;NR;NR
R_UI_CESF243;Travancoricus;NR;NR
R_UI_CESF261_CESF1743;Anili;NR;NR
R_UI_CESF399_400;Chromasynchysi;NR;NR
R_UI_CESF403;Signatus;NR;NR
R_UI_CESF427;Tinniens;NR;NR
R_uthamani_CESF483;Ochlandrae;R;B